Workbook

Sheet KPI_Calculations
A1: KPI labels + formulas | D1: Job-wise Conversion Summary
A2: KPI Name | B2: Values | D2: Job | E2: Total Customers | F2: Subscribers | G2: Conversion Rate
A3: Total Customers | B3: =COUNTA([1]!Table13[Id]) -> 45211 | D3: Admin. | E3: =COUNTIF([1]!Table13[Job_clean],KPI_Calculations!D3) -> 5171 | F3: =COUNTIFS([1]!Table13[Job_clean],KPI_Calculations!D3,[1]!Table13[y],"yes") -> 631 | G3: =F3/E3 -> 0.12202669
A4: Total Subscribers | B4: =COUNTIF([1]!Table13[y],"yes") -> 5289 | D4: Blue-collar | E4: =COUNTIF([1]!Table13[Job_clean],KPI_Calculations!D4) -> 9732 | F4: =COUNTIFS([1]!Table13[Job_clean],KPI_Calculations!D4,[1]!Table13[y],"yes") -> 708 | G4: =F4/E4 -> 0.072749692
A5: Conversion Rate | B5: =B4/B3 -> 0.1169848 | D5: Entrepreneur | E5: =COUNTIF([1]!Table13[Job_clean],KPI_Calculations!D5) -> 1487 | F5: =COUNTIFS([1]!Table13[Job_clean],KPI_Calculations!D5,[1]!Table13[y],"yes") -> 123 | G5: =F5/E5 -> 0.08271688
A6: Average Balance | B6: =ROUND(AVERAGE([1]BankData!U45185:U45212),0) -> 1344 | D6: Housemaid | E6: =COUNTIF([1]!Table13[Job_clean],KPI_Calculations!D6) -> 1240 | F6: =COUNTIFS([1]!Table13[Job_clean],KPI_Calculations!D6,[1]!Table13[y],"yes") -> 109 | G6: =F6/E6 -> 0.087903226
A7: Average Duration | B7: =ROUND(AVERAGE([1]!Table13[duration]),0) -> 258 | D7: Management | E7: =COUNTIF([1]!Table13[Job_clean],KPI_Calculations!D7) -> 9458 | F7: =COUNTIFS([1]!Table13[Job_clean],KPI_Calculations!D7,[1]!Table13[y],"yes") -> 1301 | G7: =F7/E7 -> 0.13755551
A8: Housing Loan Conversion | B8: =COUNTIFS([1]!Table13[housing],"yes",[1]!Table13[y],"yes")/COUNTIF([1]!Table13[housing],"yes") -> 0.076999602 | D8: Retired | E8: =COUNTIF([1]!Table13[Job_clean],KPI_Calculations!D8) -> 2264 | F8: =COUNTIFS([1]!Table13[Job_clean],KPI_Calculations!D8,[1]!Table13[y],"yes") -> 516 | G8: =F8/E8 -> 0.22791519
A9: Personal Loan Conversion | B9: =COUNTIFS([1]!Table13[loan],"yes",[1]BankData!R2:R45212,"yes")/COUNTIF([1]!Table13[loan],"yes") -> 0.066813915 | D9: Self-employed | E9: =COUNTIF([1]!Table13[Job_clean],KPI_Calculations!D9) -> 1579 | F9: =COUNTIFS([1]!Table13[Job_clean],KPI_Calculations!D9,[1]!Table13[y],"yes") -> 187 | G9: =F9/E9 -> 0.11842939
A10: No Loan Profile Conversion | B10: =COUNTIFS([1]!Table13[Loan_Profile],"No Loan",[1]!Table13[y],"yes")/COUNTIF([1]!Table13[Loan_Profile],"No Loan") -> 0.18222506 | D10: Services | E10: =COUNTIF([1]!Table13[Job_clean],KPI_Calculations!D10) -> 4154 | F10: =COUNTIFS([1]!Table13[Job_clean],KPI_Calculations!D10,[1]!Table13[y],"yes") -> 369 | G10: =F10/E10 -> 0.088830043
A11: Avg Balance of Subscribers | B11: =ROUND(AVERAGEIFS([1]!Table13[Balance_clean],[1]!Table13[y],"yes"),0) -> 1804 | D11: Student | E11: =COUNTIF([1]!Table13[Job_clean],KPI_Calculations!D11) -> 938 | F11: =COUNTIFS([1]!Table13[Job_clean],KPI_Calculations!D11,[1]!Table13[y],"yes") -> 269 | G11: =F11/E11 -> 0.28678038
A12: Avg Duration of Subscribers | B12: =ROUND(AVERAGEIFS([1]BankData!M2:M45212,[1]BankData!R2:R45212,"yes"),0) -> 537 | D12: Technician | E12: =COUNTIF([1]!Table13[Job_clean],KPI_Calculations!D12) -> 7596 | F12: =COUNTIFS([1]!Table13[Job_clean],KPI_Calculations!D12,[1]!Table13[y],"yes") -> 840 | G12: =F12/E12 -> 0.11058452
D13: Unemployed | E13: =COUNTIF([1]!Table13[Job_clean],KPI_Calculations!D13) -> 1303 | F13: =COUNTIFS([1]!Table13[Job_clean],KPI_Calculations!D13,[1]!Table13[y],"yes") -> 202 | G13: =F13/E13 -> 0.15502686
D14: Unknown | E14: =COUNTIF([1]!Table13[Job_clean],KPI_Calculations!D14) -> 289 | F14: =COUNTIFS([1]!Table13[Job_clean],KPI_Calculations!D14,[1]!Table13[y],"yes") -> 34 | G14: =F14/E14 -> 0.11764706
